Workbook
Name Slicer_Gender: #N/A
Name Slicer_Generation: #N/A
Name Slicer_Product_Category: #N/A

Sheet retail_sales_dataset
A1: Transaction ID | B1: Year | C1: Month | D1: Day | E1: Day Name | F1: Month Name | G1: Date | H1: Customer ID | I1: Gender | J1: Generation | K1: Age | L1: Product Category | M1: Quantity | N1: Price per Unit | O1: Total Sales | P1: Commission 2023 | Q1: Commission 2024 | R1: Commission by Year
A2: 1 | B2: =YEAR(G2) -> 2023 | C2: =MONTH(G2) -> 11 | D2: =DAY(G2) -> 24 | E2: =TEXT(G2,"dddd") -> Friday | F2: =TEXT(G2,"mmmm") -> November | G2: 45254 | H2: CUST001 | I2: Male | J2: {=_xlfn.IFS(K2<30,"Young Adult",K2<50,"Adult",K2>=50,"Senior")} -> Adult | K2: 34 | L2: Beauty | M2: 3 | N2: 50 | O2: =M2*N2 -> 150 | P2: =$O2*$U$4 -> 2.25 | Q2: =$O2*$U$5 -> 3 | R2: {=_xlfn.IFS(B2=2023,O2*$U$4,B2=2024,O2*$U$5)} -> 2.25
A3: 2 | B3: =YEAR(G3) -> 2023 | C3: =MONTH(G3) -> 2 | D3: =DAY(G3) -> 27 | E3: =TEXT(G3,"dddd") -> Monday | F3: =TEXT(G3,"mmmm") -> February | G3: 44984 | H3: CUST002 | I3: Female | J3: {=_xlfn.IFS(K3<30,"Young Adult",K3<50,"Adult",K3>=50,"Senior")} -> Young Adult | K3: 26 | L3: Clothing | M3: 2 | N3: 500 | O3: =M3*N3 -> 1000 | P3: =$O3*$U$4 -> 15 | Q3: =$O3*$U$5 -> 20 | R3: {=_xlfn.IFS(B3=2023,O3*$U$4,B3=2024,O3*$U$5)} -> 15 | U3: rate (%)
A4: 3 | B4: =YEAR(G4) -> 2023 | C4: =MONTH(G4) -> 1 | D4: =DAY(G4) -> 13 | E4: =TEXT(G4,"dddd") -> Friday | F4: =TEXT(G4,"mmmm") -> January | G4: 44939 | H4: CUST003 | I4: Male | J4: {=_xlfn.IFS(K4<30,"Young Adult",K4<50,"Adult",K4>=50,"Senior")} -> Senior | K4: 50 | L4: Electronics | M4: 1 | N4: 30 | O4: =M4*N4 -> 30 | P4: =$O4*$U$4 -> 0.45 | Q4: =$O4*$U$5 -> 0.6 | R4: {=_xlfn.IFS(B4=2023,O4*$U$4,B4=2024,O4*$U$5)} -> 0.45 | T4: Commission 2023 | U4: 0.015
A5: 4 | B5: =YEAR(G5) -> 2023 | C5: =MONTH(G5) -> 5 | D5: =DAY(G5) -> 21 | E5: =TEXT(G5,"dddd") -> Sunday | F5: =TEXT(G5,"mmmm") -> May | G5: 45067 | H5: CUST004 | I5: Male | J5: {=_xlfn.IFS(K5<30,"Young Adult",K5<50,"Adult",K5>=50,"Senior")} -> Adult | K5: 37 | L5: Clothing | M5: 1 | N5: 500 | O5: =M5*N5 -> 500 | P5: =$O5*$U$4 -> 7.5 | Q5: =$O5*$U$5 -> 10 | R5: {=_xlfn.IFS(B5=2023,O5*$U$4,B5=2024,O5*$U$5)} -> 7.5 | T5: Commission 2024 | U5: 0.02
A6: 5 | B6: =YEAR(G6) -> 2023 | C6: =MONTH(G6) -> 5 | D6: =DAY(G6) -> 6 | E6: =TEXT(G6,"dddd") -> Saturday | F6: =TEXT(G6,"mmmm") -> May | G6: 45052 | H6: CUST005 | I6: Male | J6: {=_xlfn.IFS(K6<30,"Young Adult",K6<50,"Adult",K6>=50,"Senior")} -> Adult | K6: 30 | L6: Beauty | M6: 2 | N6: 50 | O6: =M6*N6 -> 100 | P6: =$O6*$U$4 -> 1.5 | Q6: =$O6*$U$5 -> 2 | R6: {=_xlfn.IFS(B6=2023,O6*$U$4,B6=2024,O6*$U$5)} -> 1.5
A7: 6 | B7: =YEAR(G7) -> 2023 | C7: =MONTH(G7) -> 4 | D7: =DAY(G7) -> 25 | E7: =TEXT(G7,"dddd") -> Tuesday | F7: =TEXT(G7,"mmmm") -> April | G7: 45041 | H7: CUST006 | I7: Female | J7: {=_xlfn.IFS(K7<30,"Young Adult",K7<50,"Adult",K7>=50,"Senior")} -> Adult | K7: 45 | L7: Beauty | M7: 1 | N7: 30 | O7: =M7*N7 -> 30 | P7: =$O7*$U$4 -> 0.45 | Q7: =$O7*$U$5 -> 0.6 | R7: {=_xlfn.IFS(B7=2023,O7*$U$4,B7=2024,O7*$U$5)} -> 0.45
A8: 7 | B8: =YEAR(G8) -> 2023 | C8: =MONTH(G8) -> 3 | D8: =DAY(G8) -> 13 | E8: =TEXT(G8,"dddd") -> Monday | F8: =TEXT(G8,"mmmm") -> March | G8: 44998 | H8: CUST007 | I8: Male | J8: {=_xlfn.IFS(K8<30,"Young Adult",K8<50,"Adult",K8>=50,"Senior")} -> Adult | K8: 46 | L8: Clothing | M8: 2 | N8: 25 | O8: =M8*N8 -> 50 | P8: =$O8*$U$4 -> 0.75 | Q8: =$O8*$U$5 -> 1 | R8: {=_xlfn.IFS(B8=2023,O8*$U$4,B8=2024,O8*$U$5)} -> 0.75
A9: 8 | B9: =YEAR(G9) -> 2023 | C9: =MONTH(G9) -> 2 | D9: =DAY(G9) -> 22 | E9: =TEXT(G9,"dddd") -> Wednesday | F9: =TEXT(G9,"mmmm") -> February | G9: 44979 | H9: CUST008 | I9: Male | J9: {=_xlfn.IFS(K9<30,"Young Adult",K9<50,"Adult",K9>=50,"Senior")} -> Adult | K9: 30 | L9: Electronics | M9: 4 | N9: 25 | O9: =M9*N9 -> 100 | P9: =$O9*$U$4 -> 1.5 | Q9: =$O9*$U$5 -> 2 | R9: {=_xlfn.IFS(B9=2023,O9*$U$4,B9=2024,O9*$U$5)} -> 1.5 | U9: Commission | V9: 2023 | W9: 2024 | X9: 2 Year Combined | Z9: Commission | AA9: 2023 | AB9: 2024 | AC9: 2 Year Combined
A10: 9 | B10: =YEAR(G10) -> 2023 | C10: =MONTH(G10) -> 12 | D10: =DAY(G10) -> 13 | E10: =TEXT(G10,"dddd") -> Wednesday | F10: =TEXT(G10,"mmmm") -> December | G10: 45273 | H10: CUST009 | I10: Male | J10: {=_xlfn.IFS(K10<30,"Young Adult",K10<50,"Adult",K10>=50,"Senior")} -> Senior | K10: 63 | L10: Electronics | M10: 2 | N10: 300 | O10: =M10*N10 -> 600 | P10: =$O10*$U$4 -> 9 | Q10: =$O10*$U$5 -> 12 | R10: {=_xlfn.IFS(B10=2023,O10*$U$4,B10=2024,O10*$U$5)} -> 9 | U10: Total | V10: =SUM($P$2:$P$1001) -> 6840 | W10: =SUM($Q$2:$Q$1001) -> 9120 | X10: =V10+W10 -> 15960 | Z10: Total | AA10: =SUMIF($B:$B,"=2023",$R:$R) -> 6817.05 | AB10: =SUMIF($B:$B,"=2024",$R:$R) -> 30.6 | AC10: =AA10+AB10 -> 6847.65
A11: 10 | B11: =YEAR(G11) -> 2023 | C11: =MONTH(G11) -> 10 | D11: =DAY(G11) -> 7 | E11: =TEXT(G11,"dddd") -> Saturday | F11: =TEXT(G11,"mmmm") -> October | G11: 45206 | H11: CUST010 | I11: Female | J11: {=_xlfn.IFS(K11<30,"Young Adult",K11<50,"Adult",K11>=50,"Senior")} -> Senior | K11: 52 | L11: Clothing | M11: 4 | N11: 50 | O11: =M11*N11 -> 200 | P11: =$O11*$U$4 -> 3 | Q11: =$O11*$U$5 -> 4 | R11: {=_xlfn.IFS(B11=2023,O11*$U$4,B11=2024,O11*$U$5)} -> 3 | U11: Average | V11: =AVERAGE($P$2:$P$1001) -> 6.84 | W11: =AVERAGE($Q$2:$Q$1001) -> 9.12 | X11: =AVERAGE(V11:W11) -> 7.98 | Z11: Average | AA11: =AVERAGEIF($B:$B,"=2023",$R:$R) -> 6.8307114 | AB11: =AVERAGEIF($B:$B,"=2024",$R:$R) -> 15.3 | AC11: =AVERAGE(AA11:AB11) -> 11.065356
A12: 11 | B12: =YEAR(G12) -> 2023 | C12: =MONTH(G12) -> 2 | D12: =DAY(G12) -> 14 | E12: =TEXT(G12,"dddd") -> Tuesday | F12: =TEXT(G12,"mmmm") -> February | G12: 44971 | H12: CUST011 | I12: Male | J12: {=_xlfn.IFS(K12<30,"Young Adult",K12<50,"Adult",K12>=50,"Senior")} -> Young Adult | K12: 23 | L12: Clothing | M12: 2 | N12: 50 | O12: =M12*N12 -> 100 | P12: =$O12*$U$4 -> 1.5 | Q12: =$O12*$U$5 -> 2 | R12: {=_xlfn.IFS(B12=2023,O12*$U$4,B12=2024,O12*$U$5)} -> 1.5
A13: 12 | B13: =YEAR(G13) -> 2023 | C13: =MONTH(G13) -> 10 | D13: =DAY(G13) -> 30 | E13: =TEXT(G13,"dddd") -> Monday | F13: =TEXT(G13,"mmmm") -> October | G13: 45229 | H13: CUST012 | I13: Male | J13: {=_xlfn.IFS(K13<30,"Young Adult",K13<50,"Adult",K13>=50,"Senior")} -> Adult | K13: 35 | L13: Beauty | M13: 3 | N13: 25 | O13: =M13*N13 -> 75 | P13: =$O13*$U$4 -> 1.125 | Q13: =$O13*$U$5 -> 1.5 | R13: {=_xlfn.IFS(B13=2023,O13*$U$4,B13=2024,O13*$U$5)} -> 1.125
A14: 13 | B14: =YEAR(G14) -> 2023 | C14: =MONTH(G14) -> 8 | D14: =DAY(G14) -> 5 | E14: =TEXT(G14,"dddd") -> Saturday | F14: =TEXT(G14,"mmmm") -> August | G14: 45143 | H14: CUST013 | I14: Male | J14: {=_xlfn.IFS(K14<30,"Young Adult",K14<50,"Adult",K14>=50,"Senior")} -> Young Adult | K14: 22 | L14: Electronics | M14: 3 | N14: 500 | O14: =M14*N14 -> 1500 | P14: =$O14*$U$4 -> 22.5 | Q14: =$O14*$U$5 -> 30 | R14: {=_xlfn.IFS(B14=2023,O14*$U$4,B14=2024,O14*$U$5)} -> 22.5 | V14: Quantity | Y14: Quantity
A15: 14 | B15: =YEAR(G15) -> 2023 | C15: =MONTH(G15) -> 1 | D15: =DAY(G15) -> 17 | E15: =TEXT(G15,"dddd") -> Tuesday | F15: =TEXT(G15,"mmmm") -> January | G15: 44943 | H15: CUST014 | I15: Male | J15: {=_xlfn.IFS(K15<30,"Young Adult",K15<50,"Adult",K15>=50,"Senior")} -> Senior | K15: 64 | L15: Clothing | M15: 4 | N15: 30 | O15: =M15*N15 -> 120 | P15: =$O15*$U$4 -> 1.8 | Q15: =$O15*$U$5 -> 2.4 | R15: {=_xlfn.IFS(B15=2023,O15*$U$4,B15=2024,O15*$U$5)} -> 1.8 | U15: Total Sales | V15: Male | W15: Female | X15: Average Sales | Y15: Young Adult | Z15: Adult | AA15: Senior
A16: 15 | B16: =YEAR(G16) -> 2023 | C16: =MONTH(G16) -> 1 | D16: =DAY(G16) -> 16 | E16: =TEXT(G16,"dddd") -> Monday | F16: =TEXT(G16,"mmmm") -> January | G16: 44942 | H16: CUST015 | I16: Female | J16: {=_xlfn.IFS(K16<30,"Young Adult",K16<50,"Adult",K16>=50,"Senior")} -> Adult | K16: 42 | L16: Electronics | M16: 4 | N16: 500 | O16: =M16*N16 -> 2000 | P16: =$O16*$U$4 -> 30 | Q16: =$O16*$U$5 -> 40 | R16: {=_xlfn.IFS(B16=2023,O16*$U$4,B16=2024,O16*$U$5)} -> 30 | T16: All Products | U16: =SUM(O:O) -> 456000 | V16: =SUMIF(I:I,V15,M:M) -> 1216 | W16: =SUMIF(I:I,W15,O:O) -> 232840 | X16: =AVERAGE(O:O) -> 456 | Y16: =SUMIF($J:$J,Y15,$M:$M) -> 625 | Z16: =SUMIF($J:$J,Z15,$M:$M) -> 1062 | AA16: =SUMIF($J:$J,AA15,$M:$M) -> 827
A17: 16 | B17: =YEAR(G17) -> 2023 | C17: =MONTH(G17) -> 2 | D17: =DAY(G17) -> 17 | E17: =TEXT(G17,"dddd") -> Friday | F17: =TEXT(G17,"mmmm") -> February | G17: 44974 | H17: CUST016 | I17: Male | J17: {=_xlfn.IFS(K17<30,"Young Adult",K17<50,"Adult",K17>=50,"Senior")} -> Young Adult | K17: 19 | L17: Clothing | M17: 3 | N17: 500 | O17: =M17*N17 -> 1500 | P17: =$O17*$U$4 -> 22.5 | Q17: =$O17*$U$5 -> 30 | R17: {=_xlfn.IFS(B17=2023,O17*$U$4,B17=2024,O17*$U$5)} -> 22.5 | T17: Beauty | U17: =SUMIF(L:L,"Beauty",O:O) -> 143515 | V17: =SUMIFS(M:M,L:L,$T17,I:I,$V$15) -> 353 | W17: =SUMIFS(M:M,L:L,$T17,I:I,$W$15) -> 418 | X17: =AVERAGEIF(L:L,T17,O:O) -> 467.47557 | Y17: =SUMIFS($M:$M,$L:$L,$T17,$J:$J,$Y$15) -> 215 | Z17: =SUMIFS($M:$M,$L:$L,$T17,$J:$J,$Z$15) -> 340 | AA17: =SUMIFS($M:$M,$L:$L,$T17,$J:$J,$AA$15) -> 216
A18: 17 | B18: =YEAR(G18) -> 2023 | C18: =MONTH(G18) -> 4 | D18: =DAY(G18) -> 22 | E18: =TEXT(G18,"dddd") -> Saturday | F18: =TEXT(G18,"mmmm") -> April | G18: 45038 | H18: CUST017 | I18: Female | J18: {=_xlfn.IFS(K18<30,"Young Adult",K18<50,"Adult",K18>=50,"Senior")} -> Young Adult | K18: 27 | L18: Clothing | M18: 4 | N18: 25 | O18: =M18*N18 -> 100 | P18: =$O18*$U$4 -> 1.5 | Q18: =$O18*$U$5 -> 2 | R18: {=_xlfn.IFS(B18=2023,O18*$U$4,B18=2024,O18*$U$5)} -> 1.5 | T18: Electronics | U18: =SUMIF(L:L,"Electronics",O:O) -> 156905 | V18: =SUMIFS(M:M,L:L,$T18,I:I,$V$15) -> 410 | W18: =SUMIFS(M:M,L:L,$T18,I:I,$W$15) -> 439 | X18: =AVERAGEIF(L:L,T18,O:O) -> 458.78655 | Y18: =SUMIFS(M:M,L:L,$T18,J:J,$Y$15) -> 196 | Z18: =SUMIFS($M:$M,$L:$L,$T18,$J:$J,$Z$15) -> 340 | AA18: =SUMIFS($M:$M,$L:$L,$T18,$J:$J,$AA$15) -> 313
A19: 18 | B19: =YEAR(G19) -> 2023 | C19: =MONTH(G19) -> 4 | D19: =DAY(G19) -> 30 | E19: =TEXT(G19,"dddd") -> Sunday | F19: =TEXT(G19,"mmmm") -> April | G19: 45046 | H19: CUST018 | I19: Female | J19: {=_xlfn.IFS(K19<30,"Young Adult",K19<50,"Adult",K19>=50,"Senior")} -> Adult | K19: 47 | L19: Electronics | M19: 2 | N19: 25 | O19: =M19*N19 -> 50 | P19: =$O19*$U$4 -> 0.75 | Q19: =$O19*$U$5 -> 1 | R19: {=_xlfn.IFS(B19=2023,O19*$U$4,B19=2024,O19*$U$5)} -> 0.75 | T19: Clothing | U19: =SUMIF(L:L,"Clothing",O:O) -> 155580 | V19: =SUMIFS(M:M,L:L,$T19,I:I,$V$15) -> 453 | W19: =SUMIFS(M:M,L:L,$T19,I:I,$W$15) -> 441 | X19: =AVERAGEIF(L:L,T19,O:O) -> 443.24786 | Y19: =SUMIFS(M:M,L:L,$T19,J:J,$Y$15) -> 214 | Z19: =SUMIFS($M:$M,$L:$L,$T19,$J:$J,$Z$15) -> 382 | AA19: =SUMIFS($M:$M,$L:$L,$T19,$J:$J,$AA$15) -> 298
A20: 19 | B20: =YEAR(G20) -> 2023 | C20: =MONTH(G20) -> 9 | D20: =DAY(G20) -> 16 | E20: =TEXT(G20,"dddd") -> Saturday | F20: =TEXT(G20,"mmmm") -> September | G20: 45185 | H20: CUST019 | I20: Female | J20: {=_xlfn.IFS(K20<30,"Young Adult",K20<50,"Adult",K20>=50,"Senior")} -> Senior | K20: 62 | L20: Clothing | M20: 2 | N20: 25 | O20: =M20*N20 -> 50 | P20: =$O20*$U$4 -> 0.75 | Q20: =$O20*$U$5 -> 1 | R20: {=_xlfn.IFS(B20=2023,O20*$U$4,B20=2024,O20*$U$5)} -> 0.75
A21: 20 | B21: =YEAR(G21) -> 2023 | C21: =MONTH(G21) -> 11 | D21: =DAY(G21) -> 5 | E21: =TEXT(G21,"dddd") -> Sunday | F21: =TEXT(G21,"mmmm") -> November | G21: 45235 | H21: CUST020 | I21: Male | J21: {=_xlfn.IFS(K21<30,"Young Adult",K21<50,"Adult",K21>=50,"Senior")} -> Young Adult | K21: 22 | L21: Clothing | M21: 3 | N21: 300 | O21: =M21*N21 -> 900 | P21: =$O21*$U$4 -> 13.5 | Q21: =$O21*$U$5 -> 18 | R21: {=_xlfn.IFS(B21=2023,O21*$U$4,B21=2024,O21*$U$5)} -> 13.5
A22: 21 | B22: =YEAR(G22) -> 2023 | C22: =MONTH(G22) -> 1 | D22: =DAY(G22) -> 14 | E22: =TEXT(G22,"dddd") -> Saturday | F22: =TEXT(G22,"mmmm") -> January | G22: 44940 | H22: CUST021 | I22: Female | J22: {=_xlfn.IFS(K22<30,"Young Adult",K22<50,"Adult",K22>=50,"Senior")} -> Senior | K22: 50 | L22: Beauty | M22: 1 | N22: 500 | O22: =M22*N22 -> 500 | P22: =$O22*$U$4 -> 7.5 | Q22: =$O22*$U$5 -> 10 | R22: {=_xlfn.IFS(B22=2023,O22*$U$4,B22=2024,O22*$U$5)} -> 7.5
A23: 22 | B23: =YEAR(G23) -> 2023 | C23: =MONTH(G23) -> 10 | D23: =DAY(G23) -> 15 | E23: =TEXT(G23,"dddd") -> Sunday | F23: =TEXT(G23,"mmmm") -> October | G23: 45214 | H23: CUST022 | I23: Male | J23: {=_xlfn.IFS(K23<30,"Young Adult",K23<50,"Adult",K23>=50,"Senior")} -> Young Adult | K23: 18 | L23: Clothing | M23: 2 | N23: 50 | O23: =M23*N23 -> 100 | P23: =$O23*$U$4 -> 1.5 | Q23: =$O23*$U$5 -> 2 | R23: {=_xlfn.IFS(B23=2023,O23*$U$4,B23=2024,O23*$U$5)} -> 1.5
A24: 23 | B24: =YEAR(G24) -> 2023 | C24: =MONTH(G24) -> 4 | D24: =DAY(G24) -> 12 | E24: =TEXT(G24,"dddd") -> Wednesday | F24: =TEXT(G24,"mmmm") -> April | G24: 45028 | H24: CUST023 | I24: Female | J24: {=_xlfn.IFS(K24<30,"Young Adult",K24<50,"Adult",K24>=50,"Senior")} -> Adult | K24: 35 | L24: Clothing | M24: 4 | N24: 30 | O24: =M24*N24 -> 120 | P24: =$O24*$U$4 -> 1.8 | Q24: =$O24*$U$5 -> 2.4 | R24: {=_xlfn.IFS(B24=2023,O24*$U$4,B24=2024,O24*$U$5)} -> 1.8
A25: 24 | B25: =YEAR(G25) -> 2023 | C25: =MONTH(G25) -> 11 | D25: =DAY(G25) -> 29 | E25: =TEXT(G25,"dddd") -> Wednesday | F25: =TEXT(G25,"mmmm") -> November | G25: 45259 | H25: CUST024 | I25: Female | J25: {=_xlfn.IFS(K25<30,"Young Adult",K25<50,"Adult",K25>=50,"Senior")} -> Adult | K25: 49 | L25: Clothing | M25: 1 | N25: 300 | O25: =M25*N25 -> 300 | P25: =$O25*$U$4 -> 4.5 | Q25: =$O25*$U$5 -> 6 | R25: {=_xlfn.IFS(B25=2023,O25*$U$4,B25=2024,O25*$U$5)} -> 4.5
A26: 25 | B26: =YEAR(G26) -> 2023 | C26: =MONTH(G26) -> 12 | D26: =DAY(G26) -> 26 | E26: =TEXT(G26,"dddd") -> Tuesday | F26: =TEXT(G26,"mmmm") -> December | G26: 45286 | H26: CUST025 | I26: Female | J26: {=_xlfn.IFS(K26<30,"Young Adult",K26<50,"Adult",K26>=50,"Senior")} -> Senior | K26: 64 | L26: Beauty | M26: 1 | N26: 50 | O26: =M26*N26 -> 50 | P26: =$O26*$U$4 -> 0.75 | Q26: =$O26*$U$5 -> 1 | R26: {=_xlfn.IFS(B26=2023,O26*$U$4,B26=2024,O26*$U$5)} -> 0.75
A27: 26 | B27: =YEAR(G27) -> 2023 | C27: =MONTH(G27) -> 10 | D27: =DAY(G27) -> 7 | E27: =TEXT(G27,"dddd") -> Saturday | F27: =TEXT(G27,"mmmm") -> October | G27: 45206 | H27: CUST026 | I27: Female | J27: {=_xlfn.IFS(K27<30,"Young Adult",K27<50,"Adult",K27>=50,"Senior")} -> Young Adult | K27: 28 | L27: Electronics | M27: 2 | N27: 500 | O27: =M27*N27 -> 1000 | P27: =$O27*$U$4 -> 15 | Q27: =$O27*$U$5 -> 20 | R27: {=_xlfn.IFS(B27=2023,O27*$U$4,B27=2024,O27*$U$5)} -> 15
A28: 27 | B28: =YEAR(G28) -> 2023 | C28: =MONTH(G28) -> 8 | D28: =DAY(G28) -> 3 | E28: =TEXT(G28,"dddd") -> Thursday | F28: =TEXT(G28,"mmmm") -> August | G28: 45141 | H28: CUST027 | I28: Female | J28: {=_xlfn.IFS(K28<30,"Young Adult",K28<50,"Adult",K28>=50,"Senior")} -> Adult | K28: 38 | L28: Beauty | M28: 2 | N28: 25 | O28: =M28*N28 -> 50 | P28: =$O28*$U$4 -> 0.75 | Q28: =$O28*$U$5 -> 1 | R28: {=_xlfn.IFS(B28=2023,O28*$U$4,B28=2024,O28*$U$5)} -> 0.75
A29: 28 | B29: =YEAR(G29) -> 2023 | C29: =MONTH(G29) -> 4 | D29: =DAY(G29) -> 23 | E29: =TEXT(G29,"dddd") -> Sunday | F29: =TEXT(G29,"mmmm") -> April | G29: 45039 | H29: CUST028 | I29: Female | J29: {=_xlfn.IFS(K29<30,"Young Adult",K29<50,"Adult",K29>=50,"Senior")} -> Adult | K29: 43 | L29: Beauty | M29: 1 | N29: 500 | O29: =M29*N29 -> 500 | P29: =$O29*$U$4 -> 7.5 | Q29: =$O29*$U$5 -> 10 | R29: {=_xlfn.IFS(B29=2023,O29*$U$4,B29=2024,O29*$U$5)} -> 7.5
A30: 29 | B30: =YEAR(G30) -> 2023 | C30: =MONTH(G30) -> 8 | D30: =DAY(G30) -> 18 | E30: =TEXT(G30,"dddd") -> Friday | F30: =TEXT(G30,"mmmm") -> August | G30: 45156 | H30: CUST029 | I30: Female | J30: {=_xlfn.IFS(K30<30,"Young Adult",K30<50,"Adult",K30>=50,"Senior")} -> Adult | K30: 42 | L30: Electronics | M30: 1 | N30: 30 | O30: =M30*N30 -> 30 | P30: =$O30*$U$4 -> 0.45 | Q30: =$O30*$U$5 -> 0.6 | R30: {=_xlfn.IFS(B30=2023,O30*$U$4,B30=2024,O30*$U$5)} -> 0.45
A31: 30 | B31: =YEAR(G31) -> 2023 | C31: =MONTH(G31) -> 10 | D31: =DAY(G31) -> 29 | E31: =TEXT(G31,"dddd") -> Sunday | F31: =TEXT(G31,"mmmm") -> October | G31: 45228 | H31: CUST030 | I31: Female | J31: {=_xlfn.IFS(K31<30,"Young Adult",K31<50,"Adult",K31>=50,"Senior")} -> Adult | K31: 39 | L31: Beauty | M31: 3 | N31: 300 | O31: =M31*N31 -> 900 | P31: =$O31*$U$4 -> 13.5 | Q31: =$O31*$U$5 -> 18 | R31: {=_xlfn.IFS(B31=2023,O31*$U$4,B31=2024,O31*$U$5)} -> 13.5
... A1001: 1000 | B1001: =YEAR(G1001) -> 2023 | C1001: =MONTH(G1001) -> 4 | D1001: =DAY(G1001) -> 12 | E1001: =TEXT(G1001,"dddd") -> Wednesday | F1001: =TEXT(G1001,"mmmm") -> April | G1001: 45028 | H1001: CUST1000 | I1001: Male | J1001: {=_xlfn.IFS(K1001<30,"Young Adult",K1001<50,"Adult",K1001>=50,"Senior")} -> Adult | K1001: 47 | L1001: Electronics | M1001: 4 | N1001: 30 | O1001: =M1001*N1001 -> 120 | P1001: =$O1001*$U$4 -> 1.8 | Q1001: =$O1001*$U$5 -> 2.4 | R1001: {=_xlfn.IFS(B1001=2023,O1001*$U$4,B1001=2024,O1001*$U$5)} -> 1.8

Sheet Transactions
A1: Transaction ID | B1: Total Sales | C1: Product category | D1: Concatination
A2: 10 | B2: {=VLOOKUP($A2,retail_sales_dataset!$A$1:$Q$1001,COLUMN(retail_sales_dataset!O:O),FALSE)} -> 200 | C2: {=VLOOKUP($A2,retail_sales_dataset!$A$1:$Q$1001,COLUMN(retail_sales_dataset!L:L),FALSE)} -> Clothing | D2: =CONCATENATE("£",B2," of ",C2) -> £200 of Clothing
A3: 15 | B3: {=VLOOKUP($A3,retail_sales_dataset!$A$1:$Q$1001,COLUMN(retail_sales_dataset!O:O),FALSE)} -> 2000 | C3: {=VLOOKUP($A3,retail_sales_dataset!$A$1:$Q$1001,COLUMN(retail_sales_dataset!L:L),FALSE)} -> Electronics | D3: =CONCATENATE("£",B3," of ",C3) -> £2000 of Electronics
A4: 25 | B4: {=VLOOKUP($A4,retail_sales_dataset!$A$1:$Q$1001,COLUMN(retail_sales_dataset!O:O),FALSE)} -> 50 | C4: {=VLOOKUP($A4,retail_sales_dataset!$A$1:$Q$1001,COLUMN(retail_sales_dataset!L:L),FALSE)} -> Beauty | D4: =CONCATENATE("£",B4," of ",C4) -> £50 of Beauty
A5: 30 | B5: {=VLOOKUP($A5,retail_sales_dataset!$A$1:$Q$1001,COLUMN(retail_sales_dataset!O:O),FALSE)} -> 900 | C5: {=VLOOKUP($A5,retail_sales_dataset!$A$1:$Q$1001,COLUMN(retail_sales_dataset!L:L),FALSE)} -> Beauty | D5: =CONCATENATE("£",B5," of ",C5) -> £900 of Beauty
A6: 54 | B6: {=VLOOKUP($A6,retail_sales_dataset!$A$1:$Q$1001,COLUMN(retail_sales_dataset!O:O),FALSE)} -> 1500 | C6: {=VLOOKUP($A6,retail_sales_dataset!$A$1:$Q$1001,COLUMN(retail_sales_dataset!L:L),FALSE)} -> Electronics | D6: =CONCATENATE("£",B6," of ",C6) -> £1500 of Electronics
A7: 55 | B7: {=VLOOKUP($A7,retail_sales_dataset!$A$1:$Q$1001,COLUMN(retail_sales_dataset!O:O),FALSE)} -> 120 | C7: {=VLOOKUP($A7,retail_sales_dataset!$A$1:$Q$1001,COLUMN(retail_sales_dataset!L:L),FALSE)} -> Beauty | D7: =CONCATENATE("£",B7," of ",C7) -> £120 of Beauty
A8: 67 | B8: {=VLOOKUP($A8,retail_sales_dataset!$A$1:$Q$1001,COLUMN(retail_sales_dataset!O:O),FALSE)} -> 1200 | C8: {=VLOOKUP($A8,retail_sales_dataset!$A$1:$Q$1001,COLUMN(retail_sales_dataset!L:L),FALSE)} -> Beauty | D8: =CONCATENATE("£",B8," of ",C8) -> £1200 of Beauty
A9: 89 | B9: {=VLOOKUP($A9,retail_sales_dataset!$A$1:$Q$1001,COLUMN(retail_sales_dataset!O:O),FALSE)} -> 2000 | C9: {=VLOOKUP($A9,retail_sales_dataset!$A$1:$Q$1001,COLUMN(retail_sales_dataset!L:L),FALSE)} -> Electronics | D9: =CONCATENATE("£",B9," of ",C9) -> £2000 of Electronics
A10: 100 | B10: {=VLOOKUP($A10,retail_sales_dataset!$A$1:$Q$1001,COLUMN(retail_sales_dataset!O:O),FALSE)} -> 30 | C10: {=VLOOKUP($A10,retail_sales_dataset!$A$1:$Q$1001,COLUMN(retail_sales_dataset!L:L),FALSE)} -> Electronics | D10: =CONCATENATE("£",B10," of ",C10) -> £30 of Electronics
A12: COUNT Function
A13: =COUNT(A2:A10) -> 9 | B13: =COUNT(B2:B10) -> 9 | C13: =COUNT(C2:C10) -> 0 | D13: =COUNT(D2:D10) -> 0
A14: COUNTA Function
A15: =COUNTA(A2:A10) -> 9 | B15: =COUNTA(B2:B10) -> 9 | C15: =COUNTA(C2:C10) -> 9 | D15: =COUNTA(D2:D10) -> 9

Sheet byCategoryAndGender
A3: Sum of Total Sales | B3: Product Category
A4: Gender | B4: Beauty | C4: Clothing | D4: Electronics | E4: Grand Total
A5: Female | B5: 0.16410088 | C5: 0.17823465 | D5: 0.16827851 | E5: 0.51061404
A6: Male | B6: 0.150625 | C6: 0.16294956 | D6: 0.1758114 | E6: 0.48938596
A7: Grand Total | B7: 0.31472588 | C7: 0.34118421 | D7: 0.34408991 | E7: 1

Sheet byCategoryAndGeneration
A3: Sum of Total Sales | B3: Generation
A4: Product Category | B4: Adult | C4: Senior | D4: Young Adult | E4: Grand Total
A5: Beauty | B5: 68030 | C5: 34085 | D5: 41400 | E5: 143515
A6: Clothing | B6: 62360 | C6: 47070 | D6: 46150 | E6: 155580
A7: Electronics | B7: 59300 | C7: 62000 | D7: 35605 | E7: 156905
A8: Grand Total | B8: 189690 | C8: 143155 | D8: 123155 | E8: 456000
